Topic1,Topic2
Cats,Gardening
Pizza,Astronomy
Beach Volleyball,Quantum Mechanics
Jazz Music,Cooking
Hiking Trails,Artificial Intelligence
Chocolate,Geology
Board Games,Ancient History
Photography,Fashion Design
Motorcycles,Greek Mythology
Soccer,Cryptography
Yoga,Space Exploration
Origami,World Geography
Coffee Brewing,Marine Biology
Stand-Up Comedy,Botany
Home Improvement,Psychology
Rock Climbing,Political Science
Vintage Cars,Art History
Baking,Medieval Literature
Scuba Diving,Environmental Conservation
Sushi Making,Astronomy
Roller Skating,Philosophy
Flower Arranging,Computer Programming
Bird Watching,Sociology
Puzzle Solving,Ancient Civilizations
Ballroom Dancing,Physics
Surfing,Cultural Anthropology
Acoustic Guitar,Cryptocurrency
Ice Skating,Mathematics
DIY Electronics,Renaissance Art
Astronomy,Fashion Photography
Wildlife Photography,Classical Music
Snowboarding,Political Cartoons
Tai Chi,Archaeology
Stand-Up Paddleboarding,Literature
Interior Design,Molecular Biology
Bonsai Trees,Cognitive Psychology
Roller Derby,Philosophy
Sailing,Abstract Painting
Kayaking,European History
Food Blogging,Quantum Physics
Calligraphy,Political Philosophy
Kite Flying,Meteorology
Fitness Training,World Religions
Pottery Making,Computer Science
Antique Collecting,Comparative Mythology
Urban Exploration,Oceanography
Magic Tricks,Sociology of Crime
Crossword Puzzles,Ancient Philosophy
Urban Gardening,Music Production
Astronomy,Interior Decorating
Meditation,Urban Planning
Bird Watching,Mathematical Logic
Ice Cream Making,Behavioral Economics
Triathlon Training,Ancient Architecture
DIY Home Decor,Environmental Science
Roller Coasters,Classical Literature
Candle Making,Political History
Vintage Vinyl Records,Social Psychology
Stargazing,Philosophy of Ethics
Martial Arts,Geopolitics
Hiking,Ethnobotany
Body Painting,Game Theory
Beer Brewing,Linguistics
Wine Tasting,Space Exploration
Street Art,Quantum Computing
Horseback Riding,Ancient Philosophy
Chocolate Making,Cultural Anthropology
Yoga,Computer Programming
Knitting,Political Satire
Model Trains,Molecular Genetics
Salsa Dancing,Philosophy of Mind
Rock Climbing,Environmental Ethics
Jigsaw Puzzles,Literature of the Renaissance
Archery,Artificial Intelligence
Gardening,Behavioral Economics
Movie Trivia,Medieval History
Kite Surfing,Quantum Mechanics
Watercolor Painting,International Relations
Astronomy,Jazz Music
Vintage Fashion,Cognitive Science
Birdhouse Building,Political Science
DIY Woodworking,Classical Philosophy
Photography,Urban Sociology
Scuba Diving,World Geography
Origami,Cryptocurrency
Hiking Trails,Ancient Mythology
Home Brewing,Particle Physics
Chess,Culinary Arts
Stand-Up Comedy,Oceanography
Astronomy,Abstract Art
Crossfit Training,Ancient History
Baking,Political Cartoons
Ballroom Dancing,Linguistics
Mountain Biking,Philosophy of Technology
Pottery Making,Astronomy
Urban Exploration,Environmental Conservation
Magic Tricks,Geopolitics
Coffee Roasting,Literature of the Enlightenment
Street Photography,Cognitive Neuroscience
Astrology,Game Theory
